MainAccount,Journal number,Date,Voucher,Document,Document date,Posting type,Account entry description,Ledger account,Main account,Main account name,Amount,Amount in transaction currency,Currency,Monetary amount,Document type,Transaction type,Destination company,Party number,Party name,Document description,Document text,Product,Line number,Line date,Quantity,Unit,Line text,Line description,Line document reference,Location,Project ID,Activity number,Category name,Line property
600500,GB06-183178,01/08/2022,CCRN00000136,CCRN00000136,01/08/2022,Sales order revenue,,600500-GB070234-GBNEW-OPS-PGB0600000487-PGB0700000799-GB06,600500,Intercompany Revenue,"11,050.00","11,050.00",GBP,,,Sales order,,C0000029,Turner & Townsend Project Management Ltd,,,,0.00,,0.00,,,,,,,,,
600500,GB06-183179,01/08/2022,CCRN00000137,CCRN00000137,01/08/2022,Sales order revenue,,600500-GB060219---PGB0600000807-PGB0700001161-GB07,600500,Intercompany Revenue,"6,870.00","6,870.00",GBP,,,Sales order,,C0000029,Turner & Townsend Project Management Ltd,,,,0.00,,0.00,,,,,,,,,
600500,GB06-184442,01/08/2022,CCRN00000138,CCRN00000138,01/08/2022,Sales order revenue,,600500-GB060219---PGB0600001579-PGB0700002567-GB07,600500,Intercompany Revenue,"2,325.00","2,325.00",GBP,,,Sales order,,C0000029,Turner & Townsend Project Management Ltd,,,,0.00,,0.00,,,,,,,,,
600500,GB06-184469,01/08/2022,CCRN00000139,CCRN00000139,01/08/2022,Sales order revenue,,600500-GB060607---PGB0600000997-PGB0700001297-GB07,600500,Intercompany Revenue,"13,511.00","13,511.00",GBP,,,Sales order,,C0000029,Turner & Townsend Project Management Ltd,,,,0.00,,0.00,,,,,,,,,
600500,GB06-184478,01/08/2022,CCRN00000140,CCRN00000140,01/08/2022,Sales order revenue,,600500-GB060211---PGB0600000326-PGB0700000456-GB07,600500,Intercompany Revenue,"54,483.00","54,483.00",GBP,,,Sales order,,C0000029,Turner & Townsend Project Management Ltd,,,,0.00,,0.00,,,,,,,,,
600500,GB06-184506,01/08/2022,CCRN00000141,CCRN00000141,01/08/2022,Sales order revenue,,600500-GB060607---PGB0600000770-PGB0700000909-GB07,600500,Intercompany Revenue,"94,574.00","94,574.00",GBP,,,Sales order,,C0000029,Turner & Townsend Project Management Ltd,,,,0.00,,0.00,,,,,,,,,
600500,GB06-190474,11/08/2022,CCRN00000142,CCRN00000142,11/08/2022,Sales order revenue,,600500-GB060605---PGB0600001809-PGB0700002756-GB07,600500,Intercompany Revenue,296.00,296.00,GBP,,,Sales order,,C0000029,Turner & Townsend Project Management Ltd,,,,0.00,,0.00,,,,,,,,,
600500,GB06-190477,11/08/2022,CCRN00000143,CCRN00000143,11/08/2022,Sales order revenue,,600500-GB060605---PGB0600001806-PGB0700002753-GB07,600500,Intercompany Revenue,444.00,444.00,GBP,,,Sales order,,C0000029,Turner & Townsend Project Management Ltd,,,,0.00,,0.00,,,,,,,,,
600500,GB06-190479,11/08/2022,CCRN00000144,CCRN00000144,11/08/2022,Sales order revenue,,600500-GB060220---PGB0600001863-PGB0700002703-GB07,600500,Intercompany Revenue,912.00,912.00,GBP,,,Sales order,,C0000029,Turner & Townsend Project Management Ltd,,,,0.00,,0.00,,,,,,,,,
600500,GB06-190559,11/08/2022,CCRN00000145,CCRN00000145,11/08/2022,Sales order revenue,,600500-GB060605---PGB0600001767-PGB0700002684-GB07,600500,Intercompany Revenue,325.00,325.00,GBP,,,Sales order,,C0000029,Turner & Townsend Project Management Ltd,,,,0.00,,0.00,,,,,,,,,
600500,GB06-190568,11/08/2022,CCRN00000146,CCRN00000146,11/08/2022,Sales order revenue,,600500-GB060607---PGB0600000982-PGB0700000941-GB07,600500,Intercompany Revenue,"1,140.00","1,140.00",GBP,,,Sales order,,C0000029,Turner & Townsend Project Management Ltd,,,,0.00,,0.00,,,,,,,,,
600500,GB06-190571,11/08/2022,CCRN00000147,CCRN00000147,11/08/2022,Sales order revenue,,600500-GB060607---PGB0600000640-PGB0700000941-GB07,600500,Intercompany Revenue,"40,756.00","40,756.00",GBP,,,Sales order,,C0000029,Turner & Townsend Project Management Ltd,,,,0.00,,0.00,,,,,,,,,
600500,GB06-190574,11/08/2022,CCRN00000148,CCRN00000148,11/08/2022,Sales order revenue,,600500-GB060605---PGB0600000576-PGB0700000941-GB07,600500,Intercompany Revenue,"15,093.00","15,093.00",GBP,,,Sales order,,C0000029,Turner & Townsend Project Management Ltd,,,,0.00,,0.00,,,,,,,,,
600500,GB06-190575,11/08/2022,CCRN00000149,CCRN00000149,11/08/2022,Sales order revenue,,600500-GB060605---PGB0600001784-PGB0700001454-GB07,600500,Intercompany Revenue,"3,992.00","3,992.00",GBP,,,Sales order,,C0000029,Turner & Townsend Project Management Ltd,,,,0.00,,0.00,,,,,,,,,
600500,GB06-190577,11/08/2022,CCRN00000150,CCRN00000150,11/08/2022,Sales order revenue,,600500-GB060605---PGB0600000925-PGB0700001297-GB07,600500,Intercompany Revenue,"113,095.00","113,095.00",GBP,,,Sales order,,C0000029,Turner & Townsend Project Management Ltd,,,,0.00,,0.00,,,,,,,,,
600500,GB06-190580,11/08/2022,CCRN00000151,CCRN00000151,11/08/2022,Sales order revenue,,600500-GB060605---PGB0600001859-PGB0700002864-GB07,600500,Intercompany Revenue,"7,427.00","7,427.00",GBP,,,Sales order,,C0000029,Turner & Townsend Project Management Ltd,,,,0.00,,0.00,,,,,,,,,
600500,GB06-190584,11/08/2022,CCRN00000152,CCRN00000152,11/08/2022,Sales order revenue,,600500-GB060213---PGB0600001453-PGB0700002267-GB07,600500,Intercompany Revenue,839.00,839.00,GBP,,,Sales order,,C0000029,Turner & Townsend Project Management Ltd,,,,0.00,,0.00,,,,,,,,,
600500,GB06-190594,11/08/2022,CCRN00000153,CCRN00000153,11/08/2022,Sales order revenue,,600500-GB060211---PGB0600002548-PGB0700001297-GB07,600500,Intercompany Revenue,"10,714.00","10,714.00",GBP,,,Sales order,,C0000029,Turner & Townsend Project Management Ltd,,,,0.00,,0.00,,,,,,,,,
600500,GB06-190595,11/08/2022,CCRN00000154,CCRN00000154,11/08/2022,Sales order revenue,,600500-GB060220---PGB0600001779-PGB0700002699-GB07,600500,Intercompany Revenue,"13,595.00","13,595.00",GBP,,,Sales order,,C0000029,Turner & Townsend Project Management Ltd,,,,0.00,,0.00,,,,,,,,,
600500,GB06-190597,11/08/2022,CCRN00000155,CCRN00000155,11/08/2022,Sales order revenue,,600500-GB060605---PGB0600001792-PGB0700002711-GB07,600500,Intercompany Revenue,809.00,809.00,GBP,,,Sales order,,C0000029,Turner & Townsend Project Management Ltd,,,,0.00,,0.00,,,,,,,,,
600500,GB06-190598,11/08/2022,CCRN00000156,CCRN00000156,11/08/2022,Sales order revenue,,600500-GB060211---PGB0600002549-PGB0700000941-GB07,600500,Intercompany Revenue,"10,714.00","10,714.00",GBP,,,Sales order,,C0000029,Turner & Townsend Project Management Ltd,,,,0.00,,0.00,,,,,,,,,
600500,GB06-190599,11/08/2022,CCRN00000157,CCRN00000157,11/08/2022,Sales order revenue,,600500-GB060605---PGB0600001139-PGB0700002683-GB07,600500,Intercompany Revenue,"24,042.00","24,042.00",GBP,,,Sales order,,C0000029,Turner & Townsend Project Management Ltd,,,,0.00,,0.00,,,,,,,,,
600500,GB06-191782,12/08/2022,CCRN00000158,CCRN00000158,12/08/2022,Sales order revenue,,600500-GB060607---PGB0600001774-PGB0700002683-GB07,600500,Intercompany Revenue,"1,849.00","1,849.00",GBP,,,Sales order,,C0000029,Turner & Townsend Project Management Ltd,,,,0.00,,0.00,,,,,,,,,
600500,GB06-191786,12/08/2022,CCRN00000159,CCRN00000159,12/08/2022,Sales order revenue,,600500-GB060605---PGB0600001882-PGB0700002881-GB07,600500,Intercompany Revenue,"10,271.00","10,271.00",GBP,,,Sales order,,C0000029,Turner & Townsend Project Management Ltd,,,,0.00,,0.00,,,,,,,,,
600500,GB06-191791,12/08/2022,CCRN00000160,CCRN00000160,12/08/2022,Sales order revenue,,600500-GB060607---PGB0600001883-PGB0700002881-GB07,600500,Intercompany Revenue,548.00,548.00,GBP,,,Sales order,,C0000029,Turner & Townsend Project Management Ltd,,,,0.00,,0.00,,,,,,,,,
600500,GB06-191811,12/08/2022,CCRN00000161,CCRN00000161,12/08/2022,Sales order revenue,,600500-GB060220---PGB0600001872-PGB0700002888-GB07,600500,Intercompany Revenue,"3,064.00","3,064.00",GBP,,,Sales order,,C0000029,Turner & Townsend Project Management Ltd,,,,0.00,,0.00,,,,,,,,,
600500,GB06-191813,12/08/2022,CCRN00000162,CCRN00000162,12/08/2022,Sales order revenue,,600500-GB060607---PGB0600002771-PGB0700003761-GB07,600500,Intercompany Revenue,809.00,809.00,GBP,,,Sales order,,C0000029,Turner & Townsend Project Management Ltd,,,,0.00,,0.00,,,,,,,,,
600500,GB06-183180,01/08/2022,CINV00002536,CINV00002536,01/08/2022,Sales order revenue,,600500-GB060218---PGB0600001067-PGB0700001514-GB07,600500,Intercompany Revenue,-84.38,-84.38,GBP,,,Sales order,,C0000029,Turner & Townsend Project Management Ltd,,,,0.00,,0.00,,,,,,,,,
600500,GB06-183181,01/08/2022,CINV00002537,CINV00002537,01/08/2022,Sales order revenue,,600500-GB060221---PGB0600000974-PGB0700001530-GB07,600500,Intercompany Revenue,"-1,100.00","-1,100.00",GBP,,,Sales order,,C0000029,Turner & Townsend Project Management Ltd,,,,0.00,,0.00,,,,,,,,,
600500,GB06-184436,01/08/2022,CINV00002538,CINV00002538,01/08/2022,Sales order revenue,,600500-GB060213---PGB0600000468-PGB0700000759-GB07,600500,Intercompany Revenue,"-2,500.00","-2,500.00",GBP,,,Sales order,,C0000029,Turner & Townsend Project Management Ltd,,,,0.00,,0.00,,,,,,,,,
600500,GB06-184437,01/08/2022,CINV00002539,CINV00002539,01/08/2022,Sales order revenue,,600500-GB060224---PGB0600000413-PGB0700000644-GB07,600500,Intercompany Revenue,"-9,093.83","-9,093.83",GBP,,,Sales order,,C0000029,Turner & Townsend Project Management Ltd,,,,0.00,,0.00,,,,,,,,,
600500,GB06-184438,01/08/2022,CINV00002540,CINV00002540,01/08/2022,Sales order revenue,,600500-GB060224---PGB0600000749-PGB0700001086-GB07,600500,Intercompany Revenue,"-4,650.00","-4,650.00",GBP,,,Sales order,,C0000029,Turner & Townsend Project Management Ltd,,,,0.00,,0.00,,,,,,,,,
600500,GB06-184440,01/08/2022,CINV00002541,CINV00002541,01/08/2022,Sales order revenue,,600500-GB060604---PGB0600001628-PGB0700002553-GB07,600500,Intercompany Revenue,-621.08,-621.08,GBP,,,Sales order,,C0000029,Turner & Townsend Project Management Ltd,,,,0.00,,0.00,,,,,,,,,
600500,GB06-184441,01/08/2022,CINV00002542,CINV00002542,01/08/2022,Sales order revenue,,600500-GB060603---PGB0600001708-PGB0700002620-GB07,600500,Intercompany Revenue,"-4,699.33","-4,699.33",GBP,,,Sales order,,C0000029,Turner & Townsend Project Management Ltd,,,,0.00,,0.00,,,,,,,,,
600500,GB06-184443,01/08/2022,CINV00002543,CINV00002543,01/08/2022,Sales order revenue,,600500-GB060603---PGB0600000825-PGB0700001244-GB07,600500,Intercompany Revenue,-909.44,-909.44,GBP,,,Sales order,,C0000029,Turner & Townsend Project Management Ltd,,,,0.00,,0.00,,,,,,,,,
600500,GB06-184444,01/08/2022,CINV00002544,CINV00002544,01/08/2022,Sales order revenue,,600500-GB060603---PGB0600001444-PGB0700002585-GB07,600500,Intercompany Revenue,-0.01,-0.01,GBP,,,Sales order,,C0000029,Turner & Townsend Project Management Ltd,,,,0.00,,0.00,,,,,,,,,
600500,GB06-184448,01/08/2022,CINV00002545,CINV00002545,01/08/2022,Sales order revenue,,600500-GB060220---PGB0600000785-PGB0700001342-GB07,600500,Intercompany Revenue,-647.00,-647.00,GBP,,,Sales order,,C0000029,Turner & Townsend Project Management Ltd,,,,0.00,,0.00,,,,,,,,,
600500,GB06-184446,01/08/2022,CINV00002546,CINV00002546,01/08/2022,Sales order revenue,,600500-GB060604---PGB0600001510-PGB0700001523-GB07,600500,Intercompany Revenue,"-11,201.00","-11,201.00",GBP,,,Sales order,,C0000029,Turner & Townsend Project Management Ltd,,,,0.00,,0.00,,,,,,,,,
600500,GB06-184447,01/08/2022,CINV00002547,CINV00002547,01/08/2022,Sales order revenue,,600500-GB060228---PGB0600001511-PGB0700001523-GB07,600500,Intercompany Revenue,"-16,158.00","-16,158.00",GBP,,,Sales order,,C0000029,Turner & Townsend Project Management Ltd,,,,0.00,,0.00,,,,,,,,,
600500,GB06-184450,01/08/2022,CINV00002548,CINV00002548,01/08/2022,Sales order revenue,,600500-GB060221---PGB0600001128-PGB0700001597-GB07,600500,Intercompany Revenue,"-2,000.00","-2,000.00",GBP,,,Sales order,,C0000029,Turner & Townsend Project Management Ltd,,,,0.00,,0.00,,,,,,,,,
600500,GB06-184451,01/08/2022,CINV00002549,CINV00002549,01/08/2022,Sales order revenue,,600500-GB060604---PGB0600001940-PGB0700001745-GB07,600500,Intercompany Revenue,"-2,722.50","-2,722.50",GBP,,,Sales order,,C0000029,Turner & Townsend Project Management Ltd,,,,0.00,,0.00,,,,,,,,,
600500,GB06-184452,01/08/2022,CINV00002550,CINV00002550,01/08/2022,Sales order revenue,,600500-GB060604---PGB0600000317-PGB0700000501-GB07,600500,Intercompany Revenue,"-2,000.00","-2,000.00",GBP,,,Sales order,,C0000029,Turner & Townsend Project Management Ltd,,,,0.00,,0.00,,,,,,,,,
600500,GB06-184453,01/08/2022,CINV00002551,CINV00002551,01/08/2022,Sales order revenue,,600500-GB060604---PGB0600001939-PGB0700000634-GB07,600500,Intercompany Revenue,"-1,125.00","-1,125.00",GBP,,,Sales order,,C0000029,Turner & Townsend Project Management Ltd,,,,0.00,,0.00,,,,,,,,,
600500,GB06-184454,01/08/2022,CINV00002552,CINV00002552,01/08/2022,Sales order revenue,,600500-GB060213---PGB0600002033-PGB0700003100-GB07,600500,Intercompany Revenue,"-3,110.00","-3,110.00",GBP,,,Sales order,,C0000029,Turner & Townsend Project Management Ltd,,,,0.00,,0.00,,,,,,,,,
600500,GB06-184455,01/08/2022,CINV00002553,CINV00002553,01/08/2022,Sales order revenue,,600500-GB060604---PGB0600000281-PGB0700000432-GB07,600500,Intercompany Revenue,"-1,459.65","-1,459.65",GBP,,,Sales order,,C0000029,Turner & Townsend Project Management Ltd,,,,0.00,,0.00,,,,,,,,,
600500,GB06-184456,01/08/2022,CINV00002554,CINV00002554,01/08/2022,Sales order revenue,,600500-GB060221---PGB0600000868-PGB0700001221-GB07,600500,Intercompany Revenue,"-3,803.00","-3,803.00",GBP,,,Sales order,,C0000029,Turner & Townsend Project Management Ltd,,,,0.00,,0.00,,,,,,,,,
600500,GB06-184457,01/08/2022,CINV00002555,CINV00002555,01/08/2022,Sales order revenue,,600500-GB060604---PGB0600000108-PGB0700000139-GB07,600500,Intercompany Revenue,-1.00,-1.00,GBP,,,Sales order,,C0000029,Turner & Townsend Project Management Ltd,,,,0.00,,0.00,,,,,,,,,
600500,GB06-184462,01/08/2022,CINV00002556,CINV00002556,01/08/2022,Sales order revenue,,600500-GB060211---PGB0600000884-PGB0700001221-GB07,600500,Intercompany Revenue,"-5,340.00","-5,340.00",GBP,,,Sales order,,C0000029,Turner & Townsend Project Management Ltd,,,,0.00,,0.00,,,,,,,,,
600500,GB06-184467,01/08/2022,CINV00002557,CINV00002557,01/08/2022,Sales order revenue,,600500-GB060605---PGB0600000925-PGB0700001297-GB07,600500,Intercompany Revenue,"-15,430.00","-15,430.00",GBP,,,Sales order,,C0000029,Turner & Townsend Project Management Ltd,,,,0.00,,0.00,,,,,,,,,
600500,GB06-184470,01/08/2022,CINV00002558,CINV00002558,01/08/2022,Sales order revenue,,600500-GB060607---PGB0600000982-PGB0700000941-GB07,600500,Intercompany Revenue,"-7,979.00","-7,979.00",GBP,,,Sales order,,C0000029,Turner & Townsend Project Management Ltd,,,,0.00,,0.00,,,,,,,,,
600500,GB06-184463,01/08/2022,CINV00002559,CINV00002559,01/08/2022,Sales order revenue,,600500-GB060604---PGB0600000119-PGB0700000174-GB07,600500,Intercompany Revenue,-574.03,-574.03,GBP,,,Sales order,,C0000029,Turner & Townsend Project Management Ltd,,,,0.00,,0.00,,,,,,,,,
600500,GB06-184466,01/08/2022,CINV00002560,CINV00002560,01/08/2022,Sales order revenue,,600500-GB060604---PGB0600001938-PGB0700001692-GB07,600500,Intercompany Revenue,-849.10,-849.10,GBP,,,Sales order,,C0000029,Turner & Townsend Project Management Ltd,,,,0.00,,0.00,,,,,,,,,
600500,GB06-184471,01/08/2022,CINV00002561,CINV00002561,01/08/2022,Sales order revenue,,600500-GB060604---PGB0600001935-PGB0700001108-GB07,600500,Intercompany Revenue,"-1,250.00","-1,250.00",GBP,,,Sales order,,C0000029,Turner & Townsend Project Management Ltd,,,,0.00,,0.00,,,,,,,,,
600500,GB06-184472,01/08/2022,CINV00002562,CINV00002562,01/08/2022,Sales order revenue,,600500-GB060213---PGB0600002394-PGB0700000909-GB07,600500,Intercompany Revenue,"-4,132.00","-4,132.00",GBP,,,Sales order,,C0000029,Turner & Townsend Project Management Ltd,,,,0.00,,0.00,,,,,,,,,
600500,GB06-184473,01/08/2022,CINV00002563,CINV00002563,01/08/2022,Sales order revenue,,600500-GB060607---PGB0600000640-PGB0700000941-GB07,600500,Intercompany Revenue,"-86,016.00","-86,016.00",GBP,,,Sales order,,C0000029,Turner & Townsend Project Management Ltd,,,,0.00,,0.00,,,,,,,,,
600500,GB06-184480,01/08/2022,CINV00002564,CINV00002564,01/08/2022,Sales order revenue,,600500-GB070240---PGB0600002305-PGB0700003485-GB07,600500,Intercompany Revenue,"-24,882.98","-24,882.98",GBP,,,Sales order,,C0000029,Turner & Townsend Project Management Ltd,,,,0.00,,0.00,,,,,,,,,
600500,GB06-184487,01/08/2022,CINV00002565,CINV00002565,01/08/2022,Sales order revenue,,600500-GB060604---PGB0600001932-PGB0700001690-GB07,600500,Intercompany Revenue,"-1,300.00","-1,300.00",GBP,,,Sales order,,C0000029,Turner & Townsend Project Management Ltd,,,,0.00,,0.00,,,,,,,,,
600500,GB06-184476,01/08/2022,CINV00002566,CINV00002566,01/08/2022,Sales order revenue,,600500-GB060605---PGB0600000576-PGB0700000941-GB07,600500,Intercompany Revenue,"-61,675.00","-61,675.00",GBP,,,Sales order,,C0000029,Turner & Townsend Project Management Ltd,,,,0.00,,0.00,,,,,,,,,
600500,GB06-184481,01/08/2022,CINV00002567,CINV00002567,01/08/2022,Sales order revenue,,600500-GB060607---PGB0600000641-PGB0700000926-GB07,600500,Intercompany Revenue,"-9,992.00","-9,992.00",GBP,,,Sales order,,C0000029,Turner & Townsend Project Management Ltd,,,,0.00,,0.00,,,,,,,,,
600500,GB06-184482,01/08/2022,CINV00002568,CINV00002568,01/08/2022,Sales order revenue,,600500-GB060220---PGB0600000614-PGB0700000909-GB07,600500,Intercompany Revenue,"-92,244.00","-92,244.00",GBP,,,Sales order,,C0000029,Turner & Townsend Project Management Ltd,,,,0.00,,0.00,,,,,,,,,
600500,GB06-184484,01/08/2022,CINV00002569,CINV00002569,01/08/2022,Sales order revenue,,600500-GB060211---PGB0600002548-PGB0700001297-GB07,600500,Intercompany Revenue,"-12,570.00","-12,570.00",GBP,,,Sales order,,C0000029,Turner & Townsend Project Management Ltd,,,,0.00,,0.00,,,,,,,,,
600500,GB06-184488,01/08/2022,CINV00002570,CINV00002570,01/08/2022,Sales order revenue,,600500-GB060604---PGB0600001952-PGB0700002898-GB07,600500,Intercompany Revenue,-391.69,-391.69,GBP,,,Sales order,,C0000029,Turner & Townsend Project Management Ltd,,,,0.00,,0.00,,,,,,,,,
600500,GB06-184486,01/08/2022,CINV00002571,CINV00002571,01/08/2022,Sales order revenue,,600500-GB060211---PGB0600002549-PGB0700000941-GB07,600500,Intercompany Revenue,"-9,161.00","-9,161.00",GBP,,,Sales order,,C0000029,Turner & Townsend Project Management Ltd,,,,0.00,,0.00,,,,,,,,,
600500,GB06-184498,01/08/2022,CINV00002572,CINV00002572,01/08/2022,Sales order revenue,,600500-GB060213---PGB0600000147-PGB0700000235-GB07,600500,Intercompany Revenue,"-1,250.00","-1,250.00",GBP,,,Sales order,,C0000029,Turner & Townsend Project Management Ltd,,,,0.00,,0.00,,,,,,,,,
600500,GB06-184490,01/08/2022,CINV00002573,CINV00002573,01/08/2022,Sales order revenue,,600500-GB060213---PGB0600001453-PGB0700002267-GB07,600500,Intercompany Revenue,-518.00,-518.00,GBP,,,Sales order,,C0000029,Turner & Townsend Project Management Ltd,,,,0.00,,0.00,,,,,,,,,
600500,GB06-184491,01/08/2022,CINV00002574,CINV00002574,01/08/2022,Sales order revenue,,600500-GB060220---PGB0600002746-PGB0700003572-GB07,600500,Intercompany Revenue,-857.14,-857.14,GBP,,,Sales order,,C0000029,Turner & Townsend Project Management Ltd,,,,0.00,,0.00,,,,,,,,,
600500,GB06-184493,01/08/2022,CINV00002575,CINV00002575,01/08/2022,Sales order revenue,,600500-GB060604---PGB0600002165-PGB0700003250-GB07,600500,Intercompany Revenue,-880.76,-880.76,GBP,,,Sales order,,C0000029,Turner & Townsend Project Management Ltd,,,,0.00,,0.00,,,,,,,,,
600500,GB06-184494,01/08/2022,CINV00002576,CINV00002576,01/08/2022,Sales order revenue,,600500-GB060217---PGB0600000475-PGB0700000751-GB07,600500,Intercompany Revenue,"-9,106.00","-9,106.00",GBP,,,Sales order,,C0000029,Turner & Townsend Project Management Ltd,,,,0.00,,0.00,,,,,,,,,
600500,GB06-184499,01/08/2022,CINV00002577,CINV00002577,01/08/2022,Sales order revenue,,600500-GB060228---PGB0600002758-PGB0700004132-GB07,600500,Intercompany Revenue,"-5,100.00","-5,100.00",GBP,,,Sales order,,C0000029,Turner & Townsend Project Management Ltd,,,,0.00,,0.00,,,,,,,,,
600500,GB06-184497,01/08/2022,CINV00002578,CINV00002578,01/08/2022,Sales order revenue,,600500-GB070233---PGB0600001492-PGB0700000393-GB07,600500,Intercompany Revenue,"-2,500.00","-2,500.00",GBP,,,Sales order,,C0000029,Turner & Townsend Project Management Ltd,,,,0.00,,0.00,,,,,,,,,
600500,GB06-184500,01/08/2022,CINV00002579,CINV00002579,01/08/2022,Sales order revenue,,600500-GB060220---PGB0600000197-PGB0700000348-GB07,600500,Intercompany Revenue,"-41,607.00","-41,607.00",GBP,,,Sales order,,C0000029,Turner & Townsend Project Management Ltd,,,,0.00,,0.00,,,,,,,,,
600500,GB06-184501,01/08/2022,CINV00002580,CINV00002580,01/08/2022,Sales order revenue,,600500-GB060213---PGB0600001007-PGB0700001471-GB07,600500,Intercompany Revenue,"-4,531.00","-4,531.00",GBP,,,Sales order,,C0000029,Turner & Townsend Project Management Ltd,,,,0.00,,0.00,,,,,,,,,
600500,GB06-184502,01/08/2022,CINV00002581,CINV00002581,01/08/2022,Sales order revenue,,600500-GB060211---PGB0600002755-PGB0700001377-GB07,600500,Intercompany Revenue,"-7,079.70","-7,079.70",GBP,,,Sales order,,C0000029,Turner & Townsend Project Management Ltd,,,,0.00,,0.00,,,,,,,,,
600500,GB06-184504,01/08/2022,CINV00002582,CINV00002582,01/08/2022,Sales order revenue,,600500-GB070231---PGB0600002758-PGB0700003974-GB07,600500,Intercompany Revenue,"-12,900.00","-12,900.00",GBP,,,Sales order,,C0000029,Turner & Townsend Project Management Ltd,,,,0.00,,0.00,,,,,,,,,
600500,GB06-184505,01/08/2022,CINV00002583,CINV00002583,01/08/2022,Sales order revenue,,600500-GB060605---PGB0600001792-PGB0700002711-GB07,600500,Intercompany Revenue,"-21,744.77","-21,744.77",GBP,,,Sales order,,C0000029,Turner & Townsend Project Management Ltd,,,,0.00,,0.00,,,,,,,,,
600500,GB06-184507,01/08/2022,CINV00002584,CINV00002584,01/08/2022,Sales order revenue,,600500-GB060220---PGB0600002761-PGB0700002711-GB07,600500,Intercompany Revenue,"-6,165.45","-6,165.45",GBP,,,Sales order,,C0000029,Turner & Townsend Project Management Ltd,,,,0.00,,0.00,,,,,,,,,
600500,GB06-184508,01/08/2022,CINV00002585,CINV00002585,01/08/2022,Sales order revenue,,600500-GB060607---PGB0600001793-PGB0700002711-GB07,600500,Intercompany Revenue,"-5,438.05","-5,438.05",GBP,,,Sales order,,C0000029,Turner & Townsend Project Management Ltd,,,,0.00,,0.00,,,,,,,,,
600500,GB06-184509,01/08/2022,CINV00002586,CINV00002586,01/08/2022,Sales order revenue,,600500-GB060607---PGB0600000196-PGB0700002278-GB07,600500,Intercompany Revenue,"-201,106.00","-201,106.00",GBP,,,Sales order,,C0000029,Turner & Townsend Project Management Ltd,,,,0.00,,0.00,,,,,,,,,
600500,GB06-185880,02/08/2022,CINV00002587,CINV00002587,02/08/2022,Sales order revenue,,600500-GB060607---PGB0600000196-PGB0700002278-GB07,600500,Intercompany Revenue,"-79,275.33","-79,275.33",GBP,,,Sales order,,C0000029,Turner & Townsend Project Management Ltd,,,,0.00,,0.00,,,,,,,,,
600500,GB06-186827,03/08/2022,CINV00002588,CINV00002588,03/08/2022,Sales order revenue,,600500-GB060603---PGB0600002049-PGB0700003004-GB07,600500,Intercompany Revenue,"-2,367.51","-2,367.51",GBP,,,Sales order,,C0000029,Turner & Townsend Project Management Ltd,,,,0.00,,0.00,,,,,,,,,
600500,GB06-000116343,04/08/2022,CINV00002589,CINV00002589,,Intercompany revenue,Free text invoice,600500-GB060606-GBLON-OPS---GB07,600500,Intercompany Revenue,-756.00,-756.00,GBP,Extended price,Customer free text invoice,Customer,gb06,C0000029,Turner & Townsend Project Management Ltd,,,,1.00,,1.00,,,,,,,,,
600500,GB06-000116343,04/08/2022,CINV00002589,CINV00002589,,Intercompany revenue,Free text invoice,600500-GB060214-GBNEW-OPS---GB07,600500,Intercompany Revenue,-408.46,-408.46,GBP,Extended price,Customer free text invoice,Customer,gb06,C0000029,Turner & Townsend Project Management Ltd,,,,3.00,,7.50,,,,,,,,,
600500,GB06-186825,03/08/2022,CINV00002590,CINV00002590,03/08/2022,Sales order revenue,,600500-GB060603---PGB0600002046-PGB0700002991-GB07,600500,Intercompany Revenue,"-3,818.57","-3,818.57",GBP,,,Sales order,,C0000029,Turner & Townsend Project Management Ltd,,,,0.00,,0.00,,,,,,,,,
600500,GB06-186831,03/08/2022,CINV00002591,CINV00002591,03/08/2022,Sales order revenue,,600500-GB060603---PGB0600001709-PGB0700002603-GB07,600500,Intercompany Revenue,"-2,902.11","-2,902.11",GBP,,,Sales order,,C0000029,Turner & Townsend Project Management Ltd,,,,0.00,,0.00,,,,,,,,,
600500,GB06-000116344,04/08/2022,CINV00002592,CINV00002592,,Intercompany revenue,Free text invoice,600500-GB060605-GBLON-OPS---GB08,600500,Intercompany Revenue,"-2,211.75","-2,211.75",GBP,Extended price,Customer free text invoice,Customer,gb06,C0000030,Turner & Townsend Infrastructure Ltd,,,,5.00,,7.50,,,,,,,,,
600500,GB06-000116344,04/08/2022,CINV00002592,CINV00002592,,Intercompany revenue,Free text invoice,600500-GB060224-GBBRI-OPS---GB08,600500,Intercompany Revenue,-883.32,-883.32,GBP,Extended price,Customer free text invoice,Customer,gb06,C0000030,Turner & Townsend Infrastructure Ltd,,,,1.00,,2.50,,,,,,,,,
600500,GB06-000116345,04/08/2022,CINV00002593,CINV00002593,,Intercompany revenue,Free text invoice,600500-GB060211-GBEDI-OPS---GB09,600500,Intercompany Revenue,"-1,621.15","-1,621.15",GBP,Extended price,Customer free text invoice,Customer,gb06,C0000031,Turner & Townsend Consulting Ltd,,,,71.00,,7.50,,,,,,,,,
600500,GB06-000116345,04/08/2022,CINV00002593,CINV00002593,,Intercompany revenue,Free text invoice,600500-GB060605-GBLON-OPS---GB09,600500,Intercompany Revenue,"-19,186.05","-19,186.05",GBP,Extended price,Customer free text invoice,Customer,gb06,C0000031,Turner & Townsend Consulting Ltd,,,,41.00,,7.50,,,,,,,,,
600500,GB06-000116345,04/08/2022,CINV00002593,CINV00002593,,Intercompany revenue,Free text invoice,600500-GB060224-GBBRI-OPS---GB09,600500,Intercompany Revenue,"-20,915.13","-20,915.13",GBP,Extended price,Customer free text invoice,Customer,gb06,C0000031,Turner & Townsend Consulting Ltd,,,,1.00,,7.50,,,,,,,,,
600500,GB06-000116352,04/08/2022,CINV00002594,CINV00002594,,Intercompany revenue,Free text invoice,600500-GB060224-GBBRI-OPS---GB10,600500,Intercompany Revenue,"-1,971.00","-1,971.00",GBP,Extended price,Customer free text invoice,Customer,gb06,C0000032,Turner & Townsend Contract Services Ltd,,,,3.00,,7.50,,,,,,,,,
600500,GB06-000116352,04/08/2022,CINV00002594,CINV00002594,,Intercompany revenue,Free text invoice,600500-GB060220-GBMAN-OPS---GB10,600500,Intercompany Revenue,"-6,112.50","-6,112.50",GBP,Extended price,Customer free text invoice,Customer,gb06,C0000032,Turner & Townsend Contract Services Ltd,,,,8.00,,7.50,,,,,,,,,
600500,GB06-000116352,04/08/2022,CINV00002594,CINV00002594,,Intercompany revenue,Free text invoice,600500-GB060217-GBBRM-OPS---GB10,600500,Intercompany Revenue,-158.76,-158.76,GBP,Extended price,Customer free text invoice,Customer,gb06,C0000032,Turner & Townsend Contract Services Ltd,,,,1.00,,1.00,,,,,,,,,
600500,GB06-000116353,04/08/2022,CINV00002595,CINV00002595,,Intercompany revenue,Free text invoice,600500-GB060211-GBABE-OPS---GB16,600500,Intercompany Revenue,"1,818.13","1,818.13",GBP,Extended price,Customer free text invoice,Customer,gb06,C0000038,Turner & Townsend Energy Ltd,,,,11.00,,-7.50,,,,,,,,,
600500,GB06-000116353,04/08/2022,CINV00002595,CINV00002595,,Intercompany revenue,Free text invoice,600500-GB060211-GBABE-OPS---GB16,600500,Intercompany Revenue,"-2,124.38","-2,124.38",GBP,Extended price,Customer free text invoice,Customer,gb06,C0000038,Turner & Townsend Energy Ltd,,,,1.00,,7.50,,,,,,,,,
600500,GB06-187129,04/08/2022,CINV00002596,CINV00002596,04/08/2022,Sales order revenue,,600500-GB060603---PGB0600001444-PGB0700002585-GB07,600500,Intercompany Revenue,"-2,588.76","-2,588.76",GBP,,,Sales order,,C0000029,Turner & Townsend Project Management Ltd,,,,0.00,,0.00,,,,,,,,,
600500,GB06-000116574,05/08/2022,CINV00002597,CINV00002597,,Intercompany revenue,Free text invoice,600500-GB060605-GBLON-OPS---GB09,600500,Intercompany Revenue,"-17,833.98","-17,833.98",GBP,Extended price,Customer free text invoice,Customer,gb06,C0000031,Turner & Townsend Consulting Ltd,,,,19.00,,7.50,,,,,,,,,
600500,GB06-000116574,05/08/2022,CINV00002597,CINV00002597,,Intercompany revenue,Free text invoice,600500-GB060224-GBBRI-OPS---GB09,600500,Intercompany Revenue,"-8,346.00","-8,346.00",GBP,Extended price,Customer free text invoice,Customer,gb06,C0000031,Turner & Townsend Consulting Ltd,,,,1.00,,7.50,,,,,,,,,
600500,GB06-000116575,05/08/2022,CINV00002598,CINV00002598,,Intercompany revenue,Free text invoice,600500-GB060211-GBABE-OPS---GB16,600500,Intercompany Revenue,"-1,325.96","-1,325.96",GBP,Extended price,Customer free text invoice,Customer,gb06,C0000038,Turner & Townsend Energy Ltd,,,,1.00,,5.00,,,,,,,,,
600500,GB06-000117556,08/08/2022,CINV00002599,CINV00002599,,Intercompany revenue,Free text invoice,600500-GB060224-GBBRI-OPS---GB08,600500,Intercompany Revenue,-188.22,-188.22,GBP,Extended price,Customer free text invoice,Customer,gb06,C0000030,Turner & Townsend Infrastructure Ltd,,,,1.00,,0.75,,,,,,,,,
600500,GB06-000117557,08/08/2022,CINV00002600,CINV00002600,,Intercompany revenue,Free text invoice,600500-GB060211-GBEDI-OPS---GB09,600500,Intercompany Revenue,"-1,621.15","-1,621.15",GBP,Extended price,Customer free text invoice,Customer,gb06,C0000031,Turner & Townsend Consulting Ltd,,,,11.00,,7.50,,,,,,,,,
600500,GB06-000117557,08/08/2022,CINV00002600,CINV00002600,,Intercompany revenue,Free text invoice,600500-GB060605-GBLON-OPS---GB09,600500,Intercompany Revenue,"-1,248.00","-1,248.00",GBP,Extended price,Customer free text invoice,Customer,gb06,C0000031,Turner & Townsend Consulting Ltd,,,,16.00,,7.50,,,,,,,,,
600500,GB06-000117557,08/08/2022,CINV00002600,CINV00002600,,Intercompany revenue,Free text invoice,600500-GB060224-GBBRI-OPS---GB09,600500,Intercompany Revenue,"-8,802.85","-8,802.85",GBP,Extended price,Customer free text invoice,Customer,gb06,C0000031,Turner & Townsend Consulting Ltd,,,,1.00,,7.50,,,,,,,,,
600500,GB06-000117558,08/08/2022,CINV00002601,CINV00002601,,Intercompany revenue,Free text invoice,600500-GB060224-GBBRI-OPS---GB10,600500,Intercompany Revenue,-788.40,-788.40,GBP,Extended price,Customer free text invoice,Customer,gb06,C0000032,Turner & Townsend Contract Services Ltd,,,,1.00,,7.50,,,,,,,,,
600500,GB06-000117558,08/08/2022,CINV00002601,CINV00002601,,Intercompany revenue,Free text invoice,600500-GB060220-GBMAN-OPS---GB10,600500,Intercompany Revenue,"-3,187.50","-3,187.50",GBP,Extended price,Customer free text invoice,Customer,gb06,C0000032,Turner & Townsend Contract Services Ltd,,,,3.00,,7.50,,,,,,,,,
600500,GB06-000117938,09/08/2022,CINV00002602,CINV00002602,,Intercompany revenue,Free text invoice,600500-GB060214-GBNEW-OPS---GB07,600500,Intercompany Revenue,-408.46,-408.46,GBP,Extended price,Customer free text invoice,Customer,gb06,C0000029,Turner & Townsend Project Management Ltd,,,,1.00,,7.50,,,,,,,,,
600500,GB06-000117939,09/08/2022,CINV00002603,CINV00002603,,Intercompany revenue,Free text invoice,600500-GB060211-GBABE-OPS---GB16,600500,Intercompany Revenue,"-1,340.22","-1,340.22",GBP,Extended price,Customer free text invoice,Customer,gb06,C0000038,Turner & Townsend Energy Ltd,,,,1.00,,7.50,,,,,,,,,
600500,GB06-000118095,10/08/2022,CINV00002604,CINV00002604,,Intercompany revenue,Free text invoice,600500-GB060605-GBLON-OPS---GB09,600500,Intercompany Revenue,"-1,013.69","-1,013.69",GBP,Extended price,Customer free text invoice,Customer,gb06,C0000031,Turner & Townsend Consulting Ltd,,,,11.00,,306.00,,,Mileage - Non-Company Vehicle,,,,,,
600500,GB06-000118095,10/08/2022,CINV00002604,CINV00002604,,Intercompany revenue,Free text invoice,600500-GB060224-GBBRI-OPS---GB09,600500,Intercompany Revenue,"-3,120.00","-3,120.00",GBP,Extended price,Customer free text invoice,Customer,gb06,C0000031,Turner & Townsend Consulting Ltd,,,,1.00,,0.50,,,,,,,,,
600500,GB06-190270,10/08/2022,CINV00002605,CINV00002605,10/08/2022,Sales order revenue,,600500-GB060213---PGB0600002031-PGB0700003900-GB07,600500,Intercompany Revenue,"-25,375.00","-25,375.00",GBP,,,Sales order,,C0000029,Turner & Townsend Project Management Ltd,,,,0.00,,0.00,,,,,,,,,
600500,GB06-189938,09/08/2022,CINV00002606,CINV00002606,09/08/2022,Sales order revenue,,600500-GB060603---PGB0600002143-PGB0700003002-GB07,600500,Intercompany Revenue,"-23,127.65","-23,127.65",GBP,,,Sales order,,C0000029,Turner & Townsend Project Management Ltd,,,,0.00,,0.00,,,,,,,,,
600500,GB06-190471,11/08/2022,CINV00002607,CINV00002607,11/08/2022,Sales order revenue,,600500-GB060220---PGB0600001777-PGB0700001276-GB07,600500,Intercompany Revenue,"-4,295.00","-4,295.00",GBP,,,Sales order,,C0000029,Turner & Townsend Project Management Ltd,,,,0.00,,0.00,,,,,,,,,
600500,GB06-190578,11/08/2022,CINV00002608,CINV00002608,11/08/2022,Sales order revenue,,600500-GB060220---PGB0600001782-PGB0700001454-GB07,600500,Intercompany Revenue,"-6,938.00","-6,938.00",GBP,,,Sales order,,C0000029,Turner & Townsend Project Management Ltd,,,,0.00,,0.00,,,,,,,,,
600500,GB06-190590,11/08/2022,CINV00002609,CINV00002609,11/08/2022,Sales order revenue,,600500-GB060220---PGB0600000197-PGB0700000348-GB07,600500,Intercompany Revenue,"-97,081.00","-97,081.00",GBP,,,Sales order,,C0000029,Turner & Townsend Project Management Ltd,,,,0.00,,0.00,,,,,,,,,
600500,GB06-190561,11/08/2022,CINV00002610,CINV00002610,11/08/2022,Sales order revenue,,600500-GB060607---PGB0600001774-PGB0700002683-GB07,600500,Intercompany Revenue,"-2,386.00","-2,386.00",GBP,,,Sales order,,C0000029,Turner & Townsend Project Management Ltd,,,,0.00,,0.00,,,,,,,,,
600500,GB06-190565,11/08/2022,CINV00002611,CINV00002611,11/08/2022,Sales order revenue,,600500-GB060607---PGB0600000997-PGB0700001297-GB07,600500,Intercompany Revenue,"-14,228.00","-14,228.00",GBP,,,Sales order,,C0000029,Turner & Townsend Project Management Ltd,,,,0.00,,0.00,,,,,,,,,
600500,GB06-190566,11/08/2022,CINV00002612,CINV00002612,11/08/2022,Sales order revenue,,600500-GB060605---PGB0600001882-PGB0700002881-GB07,600500,Intercompany Revenue,"-2,390.00","-2,390.00",GBP,,,Sales order,,C0000029,Turner & Townsend Project Management Ltd,,,,0.00,,0.00,,,,,,,,,
600500,GB06-190570,11/08/2022,CINV00002613,CINV00002613,11/08/2022,Sales order revenue,,600500-GB060607---PGB0600001883-PGB0700002881-GB07,600500,Intercompany Revenue,-984.00,-984.00,GBP,,,Sales order,,C0000029,Turner & Townsend Project Management Ltd,,,,0.00,,0.00,,,,,,,,,
600500,GB06-190573,11/08/2022,CINV00002614,CINV00002614,11/08/2022,Sales order revenue,,600500-GB060605---PGB0600001773-PGB0700002683-GB07,600500,Intercompany Revenue,"-7,197.00","-7,197.00",GBP,,,Sales order,,C0000029,Turner & Townsend Project Management Ltd,,,,0.00,,0.00,,,,,,,,,
600500,GB06-190600,11/08/2022,CINV00002615,CINV00002615,11/08/2022,Sales order revenue,,600500-GB060220---PGB0600001872-PGB0700002888-GB07,600500,Intercompany Revenue,"-1,532.00","-1,532.00",GBP,,,Sales order,,C0000029,Turner & Townsend Project Management Ltd,,,,0.00,,0.00,,,,,,,,,
600500,GB06-190585,11/08/2022,CINV00002616,CINV00002616,11/08/2022,Sales order revenue,,600500-GB060607---PGB0600001862-PGB0700002864-GB07,600500,Intercompany Revenue,-481.00,-481.00,GBP,,,Sales order,,C0000029,Turner & Townsend Project Management Ltd,,,,0.00,,0.00,,,,,,,,,
600500,GB06-190587,11/08/2022,CINV00002617,CINV00002617,11/08/2022,Sales order revenue,,600500-GB060605---PGB0600001780-PGB0700002699-GB07,600500,Intercompany Revenue,"-10,901.00","-10,901.00",GBP,,,Sales order,,C0000029,Turner & Townsend Project Management Ltd,,,,0.00,,0.00,,,,,,,,,
600500,GB06-190601,11/08/2022,CINV00002618,CINV00002618,11/08/2022,Sales order revenue,,600500-GB060607---PGB0600001770-PGB0700002684-GB07,600500,Intercompany Revenue,-325.00,-325.00,GBP,,,Sales order,,C0000029,Turner & Townsend Project Management Ltd,,,,0.00,,0.00,,,,,,,,,
600500,GB06-190591,11/08/2022,CINV00002619,CINV00002619,11/08/2022,Sales order revenue,,600500-GB060607---PGB0600001781-PGB0700002699-GB07,600500,Intercompany Revenue,"-2,694.00","-2,694.00",GBP,,,Sales order,,C0000029,Turner & Townsend Project Management Ltd,,,,0.00,,0.00,,,,,,,,,
600500,GB06-190602,11/08/2022,CINV00002620,CINV00002620,11/08/2022,Sales order revenue,,600500-GB060605---PGB0600001865-PGB0700002703-GB07,600500,Intercompany Revenue,-679.00,-679.00,GBP,,,Sales order,,C0000029,Turner & Townsend Project Management Ltd,,,,0.00,,0.00,,,,,,,,,
600500,GB06-190603,11/08/2022,CINV00002621,CINV00002621,11/08/2022,Sales order revenue,,600500-GB060607---PGB0600001786-PGB0700001454-GB07,600500,Intercompany Revenue,-667.00,-667.00,GBP,,,Sales order,,C0000029,Turner & Townsend Project Management Ltd,,,,0.00,,0.00,,,,,,,,,
600500,GB06-190604,11/08/2022,CINV00002622,CINV00002622,11/08/2022,Sales order revenue,,600500-GB060605---PGB0600001874-PGB0700002888-GB07,600500,Intercompany Revenue,"-1,087.00","-1,087.00",GBP,,,Sales order,,C0000029,Turner & Townsend Project Management Ltd,,,,0.00,,0.00,,,,,,,,,
600500,GB06-190605,11/08/2022,CINV00002623,CINV00002623,11/08/2022,Sales order revenue,,600500-GB060607---PGB0600001867-PGB0700002703-GB07,600500,Intercompany Revenue,-233.00,-233.00,GBP,,,Sales order,,C0000029,Turner & Townsend Project Management Ltd,,,,0.00,,0.00,,,,,,,,,
600500,GB06-190606,11/08/2022,CINV00002624,CINV00002624,11/08/2022,Sales order revenue,,600500-GB060607---PGB0600001808-PGB0700002753-GB07,600500,Intercompany Revenue,-444.00,-444.00,GBP,,,Sales order,,C0000029,Turner & Townsend Project Management Ltd,,,,0.00,,0.00,,,,,,,,,
600500,GB06-190607,11/08/2022,CINV00002625,CINV00002625,11/08/2022,Sales order revenue,,600500-GB060607---PGB0600001876-PGB0700002887-GB07,600500,Intercompany Revenue,-445.00,-445.00,GBP,,,Sales order,,C0000029,Turner & Townsend Project Management Ltd,,,,0.00,,0.00,,,,,,,,,
600500,GB06-190608,11/08/2022,CINV00002626,CINV00002626,11/08/2022,Sales order revenue,,600500-GB060607---PGB0600002771-PGB0700003761-GB07,600500,Intercompany Revenue,-809.00,-809.00,GBP,,,Sales order,,C0000029,Turner & Townsend Project Management Ltd,,,,0.00,,0.00,,,,,,,,,
600500,GB06-190609,11/08/2022,CINV00002627,CINV00002627,11/08/2022,Sales order revenue,,600500-GB060607---PGB0600001810-PGB0700002756-GB07,600500,Intercompany Revenue,-296.00,-296.00,GBP,,,Sales order,,C0000029,Turner & Townsend Project Management Ltd,,,,0.00,,0.00,,,,,,,,,
600500,GB06-000118571,12/08/2022,CINV00002628,CINV00002628,,Intercompany revenue,Free text invoice,600500-GB060224-GBBRI-OPS---GB09,600500,Intercompany Revenue,802.28,802.28,GBP,Extended price,Customer free text invoice,Customer,gb06,C0000031,Turner & Townsend Consulting Ltd,,,,1.00,,-0.50,,,,,,,,,
600500,GB06-000118571,12/08/2022,CINV00002628,CINV00002628,,Intercompany revenue,Free text invoice,600500-GB060224-GBBRI-OPS---GB09,600500,Intercompany Revenue,"-5,304.00","-5,304.00",GBP,Extended price,Customer free text invoice,Customer,gb06,C0000031,Turner & Townsend Consulting Ltd,,,,6.00,,7.50,,,,,,,,,
600500,GB06-191815,12/08/2022,CINV00002629,CINV00002629,12/08/2022,Sales order revenue,,600500-GB060604---PGB0600002630-PGB0700003857-GB07,600500,Intercompany Revenue,"-10,748.09","-10,748.09",GBP,,,Sales order,,C0000029,Turner & Townsend Project Management Ltd,,,,0.00,,0.00,,,,,,,,,
600500,GB06-191809,12/08/2022,CINV00002630,CINV00002630,12/08/2022,Sales order revenue,,600500-GB060607---PGB0600001793-PGB0700002711-GB07,600500,Intercompany Revenue,-809.00,-809.00,GBP,,,Sales order,,C0000029,Turner & Townsend Project Management Ltd,,,,0.00,,0.00,,,,,,,,,
600500,GB06-191797,12/08/2022,CINV00002631,CINV00002631,12/08/2022,Sales order revenue,,600500-GB060604---PGB0600001635-PGB0700002555-GB07,600500,Intercompany Revenue,-665.81,-665.81,GBP,,,Sales order,,C0000029,Turner & Townsend Project Management Ltd,,,,0.00,,0.00,,,,,,,,,
600500,GB06-191794,12/08/2022,CINV00002632,CINV00002632,12/08/2022,Sales order revenue,,600500-GB060604---PGB0600001624-PGB0700002533-GB07,600500,Intercompany Revenue,-512.24,-512.24,GBP,,,Sales order,,C0000029,Turner & Townsend Project Management Ltd,,,,0.00,,0.00,,,,,,,,,
600500,GB06-191799,12/08/2022,CINV00002633,CINV00002633,12/08/2022,Sales order revenue,,600500-GB060603---PGB0600002050-PGB0700003006-GB07,600500,Intercompany Revenue,"-3,131.22","-3,131.22",GBP,,,Sales order,,C0000029,Turner & Townsend Project Management Ltd,,,,0.00,,0.00,,,,,,,,,
600500,GB06-191814,12/08/2022,CINV00002634,CINV00002634,12/08/2022,Sales order revenue,,600500-GB060604---PGB0600001637-PGB0700002571-GB07,600500,Intercompany Revenue,"-3,724.80","-3,724.80",GBP,,,Sales order,,C0000029,Turner & Townsend Project Management Ltd,,,,0.00,,0.00,,,,,,,,,
600500,GB06-191816,12/08/2022,CINV00002635,CINV00002635,12/08/2022,Sales order revenue,,600500-GB060211---PGB0600002549-PGB0700000941-GB07,600500,Intercompany Revenue,"-5,041.00","-5,041.00",GBP,,,Sales order,,C0000029,Turner & Townsend Project Management Ltd,,,,0.00,,0.00,,,,,,,,,
600500,GB06-000119766,15/08/2022,CINV00002636,CINV00002636,,Intercompany revenue,Free text invoice,600500-GB060214-GBNEW-OPS---GB07,600500,Intercompany Revenue,-408.46,-408.46,GBP,Extended price,Customer free text invoice,Customer,gb06,C0000029,Turner & Townsend Project Management Ltd,,,,1.00,,7.50,,,,,,,,,
600500,GB06-191848,13/08/2022,CINV00002637,CINV00002637,13/08/2022,Sales order revenue,,600500-GB060604---PGB0600002044-PGB0700002909-GB07,600500,Intercompany Revenue,"-4,092.62","-4,092.62",GBP,,,Sales order,,C0000029,Turner & Townsend Project Management Ltd,,,,0.00,,0.00,,,,,,,,,
600500,GB06-000119772,15/08/2022,CINV00002638,CINV00002638,,Intercompany revenue,Free text invoice,600500-GB060217-GBBRM-OPS---GB09,600500,Intercompany Revenue,"-5,850.00","-5,850.00",GBP,Extended price,Customer free text invoice,Customer,gb06,C0000031,Turner & Townsend Consulting Ltd,,,,90.00,,7.50,,,,,,,,,
600500,GB06-000119772,15/08/2022,CINV00002638,CINV00002638,,Intercompany revenue,Free text invoice,600500-GB060224-GBBRI-OPS---GB09,600500,Intercompany Revenue,624.00,624.00,GBP,Extended price,Customer free text invoice,Customer,gb06,C0000031,Turner & Townsend Consulting Ltd,,,,52.00,,-2.25,,,,,,,,,
600500,GB06-000119772,15/08/2022,CINV00002638,CINV00002638,,Intercompany revenue,Free text invoice,600500-GB060224-GBBRI-OPS---GB09,600500,Intercompany Revenue,"-18,578.59","-18,578.59",GBP,Extended price,Customer free text invoice,Customer,gb06,C0000031,Turner & Townsend Consulting Ltd,,,,1.00,,7.50,,,,,,,,,
600500,GB06-000119772,15/08/2022,CINV00002638,CINV00002638,,Intercompany revenue,Free text invoice,600500-GB060211-GBEDI-OPS---GB09,600500,Intercompany Revenue,"-1,621.15","-1,621.15",GBP,Extended price,Customer free text invoice,Customer,gb06,C0000031,Turner & Townsend Consulting Ltd,,,,85.00,,7.50,,,,,,,,,
600500,GB06-000119772,15/08/2022,CINV00002638,CINV00002638,,Intercompany revenue,Free text invoice,600500-GB060605-GBLON-OPS---GB09,600500,Intercompany Revenue,"-18,252.00","-18,252.00",GBP,Extended price,Customer free text invoice,Customer,gb06,C0000031,Turner & Townsend Consulting Ltd,,,,11.00,,7.50,,,,,,,,,
600500,GB06-000119778,15/08/2022,CINV00002639,CINV00002639,,Intercompany revenue,Free text invoice,600500-GB060217-GBBRM-OPS---GB10,600500,Intercompany Revenue,-105.84,-105.84,GBP,Extended price,Customer free text invoice,Customer,gb06,C0000032,Turner & Townsend Contract Services Ltd,,,,6.00,,1.00,,,,,,,,,
600500,GB06-000119778,15/08/2022,CINV00002639,CINV00002639,,Intercompany revenue,Free text invoice,600500-GB060220-GBMAN-OPS---GB10,600500,Intercompany Revenue,"-3,187.50","-3,187.50",GBP,Extended price,Customer free text invoice,Customer,gb06,C0000032,Turner & Townsend Contract Services Ltd,,,,1.00,,7.50,,,,,,,,,
600500,GB06-191944,14/08/2022,CINV00002640,CINV00002640,14/08/2022,Sales order revenue,,600500-GB060603---PGB0600002054-PGB0700003106-GB07,600500,Intercompany Revenue,"-3,780.09","-3,780.09",GBP,,,Sales order,,C0000029,Turner & Townsend Project Management Ltd,,,,0.00,,0.00,,,,,,,,,
600500,GB06-186677,01/08/2022,GACC00000156,,,Ledger journal,Accrued Income P3 late intercompany,600500-GB060218---PGB0600001067--,600500,Intercompany Revenue,84.38,84.38,GBP,,,General journal,,,,,,,0.00,,0.00,,,,,,,,,
600500,GB06-186677,01/08/2022,GACC00000156,,,Ledger journal,Accrued Income P3 late intercompany,600500-GB060221---PGB0600000974--,600500,Intercompany Revenue,"1,100.00","1,100.00",GBP,,,General journal,,,,,,,0.00,,0.00,,,,,,,,,
600500,GB06-186677,01/08/2022,GACC00000156,,,Ledger journal,Accrued Income P3 late intercompany,600500-GB060213---PGB0600000468--,600500,Intercompany Revenue,"2,500.00","2,500.00",GBP,,,General journal,,,,,,,0.00,,0.00,,,,,,,,,
600500,GB06-186677,01/08/2022,GACC00000156,,,Ledger journal,Accrued Income P3 late intercompany,600500-GB060224---PGB0600000413--,600500,Intercompany Revenue,"9,093.83","9,093.83",GBP,,,General journal,,,,,,,0.00,,0.00,,,,,,,,,
600500,GB06-186677,01/08/2022,GACC00000156,,,Ledger journal,Accrued Income P3 late intercompany,600500-GB060224---PGB0600000749--,600500,Intercompany Revenue,"4,650.00","4,650.00",GBP,,,General journal,,,,,,,0.00,,0.00,,,,,,,,,
600500,GB06-186677,01/08/2022,GACC00000156,,,Ledger journal,Accrued Income P3 late intercompany,600500-GB060604---PGB0600001628--,600500,Intercompany Revenue,621.08,621.08,GBP,,,General journal,,,,,,,0.00,,0.00,,,,,,,,,
600500,GB06-186677,01/08/2022,GACC00000156,,,Ledger journal,Accrued Income P3 late intercompany,600500-GB060603---PGB0600001708--,600500,Intercompany Revenue,"4,699.33","4,699.33",GBP,,,General journal,,,,,,,0.00,,0.00,,,,,,,,,
600500,GB06-186677,01/08/2022,GACC00000156,,,Ledger journal,Accrued Income P3 late intercompany,600500-GB060603---PGB0600000825--,600500,Intercompany Revenue,909.44,909.44,GBP,,,General journal,,,,,,,0.00,,0.00,,,,,,,,,
600500,GB06-186677,01/08/2022,GACC00000156,,,Ledger journal,Accrued Income P3 late intercompany,600500-GB060220---PGB0600000785--,600500,Intercompany Revenue,647.00,647.00,GBP,,,General journal,,,,,,,0.00,,0.00,,,,,,,,,
600500,GB06-186677,01/08/2022,GACC00000156,,,Ledger journal,Accrued Income P3 late intercompany,600500-GB060604---PGB0600001510--,600500,Intercompany Revenue,"11,201.00","11,201.00",GBP,,,General journal,,,,,,,0.00,,0.00,,,,,,,,,
600500,GB06-186677,01/08/2022,GACC00000156,,,Ledger journal,Accrued Income P3 late intercompany,600500-GB060221---PGB0600001128--,600500,Intercompany Revenue,"2,000.00","2,000.00",GBP,,,General journal,,,,,,,0.00,,0.00,,,,,,,,,
600500,GB06-186677,01/08/2022,GACC00000156,,,Ledger journal,Accrued Income P3 late intercompany,600500-GB060604---PGB0600001940--,600500,Intercompany Revenue,"2,722.50","2,722.50",GBP,,,General journal,,,,,,,0.00,,0.00,,,,,,,,,
600500,GB06-186677,01/08/2022,GACC00000156,,,Ledger journal,Accrued Income P3 late intercompany,600500-GB060604---PGB0600000317--,600500,Intercompany Revenue,"2,000.00","2,000.00",GBP,,,General journal,,,,,,,0.00,,0.00,,,,,,,,,
600500,GB06-186677,01/08/2022,GACC00000156,,,Ledger journal,Accrued Income P3 late intercompany,600500-GB060604---PGB0600001939--,600500,Intercompany Revenue,"1,125.00","1,125.00",GBP,,,General journal,,,,,,,0.00,,0.00,,,,,,,,,
600500,GB06-186677,01/08/2022,GACC00000156,,,Ledger journal,Accrued Income P3 late intercompany,600500-GB060211---PGB0600002033--,600500,Intercompany Revenue,"3,110.00","3,110.00",GBP,,,General journal,,,,,,,0.00,,0.00,,,,,,,,,
600500,GB06-186677,01/08/2022,GACC00000156,,,Ledger journal,Accrued Income P3 late intercompany,600500-GB060604---PGB0600000281--,600500,Intercompany Revenue,"1,459.65","1,459.65",GBP,,,General journal,,,,,,,0.00,,0.00,,,,,,,,,
600500,GB06-186677,01/08/2022,GACC00000156,,,Ledger journal,Accrued Income P3 late intercompany,600500-GB060221---PGB0600000868--,600500,Intercompany Revenue,"3,803.00","3,803.00",GBP,,,General journal,,,,,,,0.00,,0.00,,,,,,,,,
600500,GB06-186677,01/08/2022,GACC00000156,,,Ledger journal,Accrued Income P3 late intercompany,600500-GB060604---PGB0600000108--,600500,Intercompany Revenue,1.00,1.00,GBP,,,General journal,,,,,,,0.00,,0.00,,,,,,,,,
600500,GB06-186677,01/08/2022,GACC00000156,,,Ledger journal,Accrued Income P3 late intercompany,600500-GB060211---PGB0600000884--,600500,Intercompany Revenue,"5,340.00","5,340.00",GBP,,,General journal,,,,,,,0.00,,0.00,,,,,,,,,
600500,GB06-186677,01/08/2022,GACC00000156,,,Ledger journal,Accrued Income P3 late intercompany,600500-GB060605---PGB0600000925--,600500,Intercompany Revenue,"15,430.00","15,430.00",GBP,,,General journal,,,,,,,0.00,,0.00,,,,,,,,,
600500,GB06-186677,01/08/2022,GACC00000156,,,Ledger journal,Accrued Income P3 late intercompany,600500-GB060607---PGB0600000982--,600500,Intercompany Revenue,"7,979.00","7,979.00",GBP,,,General journal,,,,,,,0.00,,0.00,,,,,,,,,
600500,GB06-186677,01/08/2022,GACC00000156,,,Ledger journal,Accrued Income P3 late intercompany,600500-GB060604---PGB0600000119--,600500,Intercompany Revenue,574.03,574.03,GBP,,,General journal,,,,,,,0.00,,0.00,,,,,,,,,
600500,GB06-186677,01/08/2022,GACC00000156,,,Ledger journal,Accrued Income P3 late intercompany,600500-GB060604---PGB0600001938--,600500,Intercompany Revenue,849.10,849.10,GBP,,,General journal,,,,,,,0.00,,0.00,,,,,,,,,
600500,GB06-186677,01/08/2022,GACC00000156,,,Ledger journal,Accrued Income P3 late intercompany,600500-GB060604---PGB0600001935--,600500,Intercompany Revenue,"1,250.00","1,250.00",GBP,,,General journal,,,,,,,0.00,,0.00,,,,,,,,,
600500,GB06-186677,01/08/2022,GACC00000156,,,Ledger journal,Accrued Income P3 late intercompany,600500-GB060213---PGB0600002394--,600500,Intercompany Revenue,"4,132.00","4,132.00",GBP,,,General journal,,,,,,,0.00,,0.00,,,,,,,,,
600500,GB06-186677,01/08/2022,GACC00000156,,,Ledger journal,Accrued Income P3 late intercompany,600500-GB060603---PGB0600000640--,600500,Intercompany Revenue,"86,016.00","86,016.00",GBP,,,General journal,,,,,,,0.00,,0.00,,,,,,,,,
600500,GB06-186677,01/08/2022,GACC00000156,,,Ledger journal,Accrued Income P3 late intercompany,600500-GB060220---PGB0600002305--,600500,Intercompany Revenue,"24,882.98","24,882.98",GBP,,,General journal,,,,,,,0.00,,0.00,,,,,,,,,
600500,GB06-186677,01/08/2022,GACC00000156,,,Ledger journal,Accrued Income P3 late intercompany,600500-GB060604---PGB0600001932--,600500,Intercompany Revenue,"1,300.00","1,300.00",GBP,,,General journal,,,,,,,0.00,,0.00,,,,,,,,,
600500,GB06-186677,01/08/2022,GACC00000156,,,Ledger journal,Accrued Income P3 late intercompany,600500-GB060605---PGB0600000576--,600500,Intercompany Revenue,"61,675.00","61,675.00",GBP,,,General journal,,,,,,,0.00,,0.00,,,,,,,,,
600500,GB06-186677,01/08/2022,GACC00000156,,,Ledger journal,Accrued Income P3 late intercompany,600500-GB060607---PGB0600000641--,600500,Intercompany Revenue,"9,992.00","9,992.00",GBP,,,General journal,,,,,,,0.00,,0.00,,,,,,,,,
600500,GB06-186677,01/08/2022,GACC00000156,,,Ledger journal,Accrued Income P3 late intercompany,600500-GB060220---PGB0600000614--,600500,Intercompany Revenue,"92,244.00","92,244.00",GBP,,,General journal,,,,,,,0.00,,0.00,,,,,,,,,
600500,GB06-186677,01/08/2022,GACC00000156,,,Ledger journal,Accrued Income P3 late intercompany,600500-GB060211---PGB0600002548--,600500,Intercompany Revenue,"12,570.00","12,570.00",GBP,,,General journal,,,,,,,0.00,,0.00,,,,,,,,,
600500,GB06-186677,01/08/2022,GACC00000156,,,Ledger journal,Accrued Income P3 late intercompany,600500-GB060604---PGB0600001952--,600500,Intercompany Revenue,391.69,391.69,GBP,,,General journal,,,,,,,0.00,,0.00,,,,,,,,,
600500,GB06-186677,01/08/2022,GACC00000156,,,Ledger journal,Accrued Income P3 late intercompany,600500-GB060211---PGB0600002549--,600500,Intercompany Revenue,"9,161.00","9,161.00",GBP,,,General journal,,,,,,,0.00,,0.00,,,,,,,,,
600500,GB06-186677,01/08/2022,GACC00000156,,,Ledger journal,Accrued Income P3 late intercompany,600500-GB060213---PGB0600000147--,600500,Intercompany Revenue,"1,250.00","1,250.00",GBP,,,General journal,,,,,,,0.00,,0.00,,,,,,,,,
600500,GB06-186677,01/08/2022,GACC00000156,,,Ledger journal,Accrued Income P3 late intercompany,600500-GB060213---PGB0600001453--,600500,Intercompany Revenue,518.00,518.00,GBP,,,General journal,,,,,,,0.00,,0.00,,,,,,,,,
600500,GB06-186677,01/08/2022,GACC00000156,,,Ledger journal,Accrued Income P3 late intercompany,600500-GB060220---PGB0600002746--,600500,Intercompany Revenue,857.14,857.14,GBP,,,General journal,,,,,,,0.00,,0.00,,,,,,,,,
600500,GB06-186677,01/08/2022,GACC00000156,,,Ledger journal,Accrued Income P3 late intercompany,600500-GB060604---PGB0600002165--,600500,Intercompany Revenue,880.76,880.76,GBP,,,General journal,,,,,,,0.00,,0.00,,,,,,,,,
600500,GB06-186677,01/08/2022,GACC00000156,,,Ledger journal,Accrued Income P3 late intercompany,600500-GB060217---PGB0600000475--,600500,Intercompany Revenue,"9,106.00","9,106.00",GBP,,,General journal,,,,,,,0.00,,0.00,,,,,,,,,
600500,GB06-186677,01/08/2022,GACC00000156,,,Ledger journal,Accrued Income P3 late intercompany,600500-GB060213---PGB0600001492--,600500,Intercompany Revenue,"2,500.00","2,500.00",GBP,,,General journal,,,,,,,0.00,,0.00,,,,,,,,,
600500,GB06-186677,01/08/2022,GACC00000156,,,Ledger journal,Accrued Income P3 late intercompany,600500-GB060220---PGB0600000197--,600500,Intercompany Revenue,"41,607.00","41,607.00",GBP,,,General journal,,,,,,,0.00,,0.00,,,,,,,,,
600500,GB06-186677,01/08/2022,GACC00000156,,,Ledger journal,Accrued Income P3 late intercompany,600500-GB060213---PGB0600001007--,600500,Intercompany Revenue,"4,531.00","4,531.00",GBP,,,General journal,,,,,,,0.00,,0.00,,,,,,,,,
600500,GB06-186677,01/08/2022,GACC00000156,,,Ledger journal,Accrued Income P3 late intercompany,600500-GB060211---PGB0600002755--,600500,Intercompany Revenue,"7,079.70","7,079.70",GBP,,,General journal,,,,,,,0.00,,0.00,,,,,,,,,
600500,GB06-186677,01/08/2022,GACC00000156,,,Ledger journal,Accrued Income P3 late intercompany,600500-GB060211---PGB0600002758--,600500,Intercompany Revenue,"12,900.00","12,900.00",GBP,,,General journal,,,,,,,0.00,,0.00,,,,,,,,,
600500,GB06-186677,01/08/2022,GACC00000156,,,Ledger journal,Accrued Income P3 late intercompany,600500-GB060605---PGB0600001792--,600500,Intercompany Revenue,"21,744.77","21,744.77",GBP,,,General journal,,,,,,,0.00,,0.00,,,,,,,,,
600500,GB06-186677,01/08/2022,GACC00000156,,,Ledger journal,Accrued Income P3 late intercompany,600500-GB060220---PGB0600002761--,600500,Intercompany Revenue,"6,165.45","6,165.45",GBP,,,General journal,,,,,,,0.00,,0.00,,,,,,,,,
600500,GB06-186677,01/08/2022,GACC00000156,,,Ledger journal,Accrued Income P3 late intercompany,600500-GB060607---PGB0600001793--,600500,Intercompany Revenue,"5,438.05","5,438.05",GBP,,,General journal,,,,,,,0.00,,0.00,,,,,,,,,
600500,GB06-186677,01/08/2022,GACC00000156,,,Ledger journal,Accrued Income P3 late intercompany,600500-GB060607---PGB0600000196--,600500,Intercompany Revenue,"201,106.00","201,106.00",GBP,,,General journal,,,,,,,0.00,,0.00,,,,,,,,,
600500,GB06-186678,01/08/2022,GACC00000157,,,Ledger journal,Deferred Income P3 late intercompany,600500-GB060214---PGB0600000487--,600500,Intercompany Revenue,"-11,050.00","-11,050.00",GBP,,,General journal,,,,,,,0.00,,0.00,,,,,,,,,
600500,GB06-186678,01/08/2022,GACC00000157,,,Ledger journal,Deferred Income P3 late intercompany,600500-GB060219---PGB0600000807--,600500,Intercompany Revenue,"-6,870.00","-6,870.00",GBP,,,General journal,,,,,,,0.00,,0.00,,,,,,,,,
600500,GB06-186678,01/08/2022,GACC00000157,,,Ledger journal,Deferred Income P3 late intercompany,600500-GB060219---PGB0600001579--,600500,Intercompany Revenue,"-2,325.00","-2,325.00",GBP,,,General journal,,,,,,,0.00,,0.00,,,,,,,,,
600500,GB06-186678,01/08/2022,GACC00000157,,,Ledger journal,Deferred Income P3 late intercompany,600500-GB060607---PGB0600000997--,600500,Intercompany Revenue,"-13,511.00","-13,511.00",GBP,,,General journal,,,,,,,0.00,,0.00,,,,,,,,,
600500,GB06-186678,01/08/2022,GACC00000157,,,Ledger journal,Deferred Income P3 late intercompany,600500-GB060211---PGB0600000326--,600500,Intercompany Revenue,"-54,483.00","-54,483.00",GBP,,,General journal,,,,,,,0.00,,0.00,,,,,,,,,
600500,GB06-186678,01/08/2022,GACC00000157,,,Ledger journal,Deferred Income P3 late intercompany,600500-GB060607---PGB0600000770--,600500,Intercompany Revenue,"-94,574.00","-94,574.00",GBP,,,General journal,,,,,,,0.00,,0.00,,,,,,,,,
600500,GB06-186679,01/08/2022,GACC00000158,,,Ledger journal,Deferred Income P3 income correction,600500-GB060605---PGB0600000938--,600500,Intercompany Revenue,"-41,288.00","-41,288.00",GBP,,,General journal,,,,,,,0.00,,0.00,,,,,,,,,
600500,GB06-186679,01/08/2022,GACC00000158,,,Ledger journal,Deferred Income P3 income correction,600500-GB060605---PGB0600000918--,600500,Intercompany Revenue,"-16,334.00","-16,334.00",GBP,,,General journal,,,,,,,0.00,,0.00,,,,,,,,,
600500,GB06-186739,01/08/2022,GACC00000159,,,Ledger journal,Accrued Income P3 ccl,600500-GB060604---PGB0600002449--,600500,Intercompany Revenue,"23,387.00","23,387.00",GBP,,,General journal,,,,,,,0.00,,0.00,,,,,,,,,
600500,GB06-186739,01/08/2022,GACC00000159,,,Ledger journal,Accrued Income P3 ccl,600500-GB060604---PGB0600000761--,600500,Intercompany Revenue,"39,862.50","39,862.50",GBP,,,General journal,,,,,,,0.00,,0.00,,,,,,,,,
600500,GB06-186739,01/08/2022,GACC00000159,,,Ledger journal,Accrued Income P3 ccl,600500-GB060604---PGB0600000170--,600500,Intercompany Revenue,"9,500.00","9,500.00",GBP,,,General journal,,,,,,,0.00,,0.00,,,,,,,,,
600500,GB06-186739,01/08/2022,GACC00000159,,,Ledger journal,Accrued Income P3 ccl,600500-GB060604---PGB0600002573--,600500,Intercompany Revenue,"35,792.65","35,792.65",GBP,,,General journal,,,,,,,0.00,,0.00,,,,,,,,,
600500,GB06-186739,01/08/2022,GACC00000159,,,Ledger journal,Accrued Income P3 ccl,600500-GB060211---PGB0600002766--,600500,Intercompany Revenue,"9,100.00","9,100.00",GBP,,,General journal,,,,,,,0.00,,0.00,,,,,,,,,
600500,GB06-186739,01/08/2022,GACC00000159,,,Ledger journal,Accrued Income P3 ccl,600500-GB060211---PGB0600000547--,600500,Intercompany Revenue,"8,591.00","8,591.00",GBP,,,General journal,,,,,,,0.00,,0.00,,,,,,,,,
600500,GB06-186739,01/08/2022,GACC00000159,,,Ledger journal,Accrued Income P3 ccl,600500-GB060213---PGB0600001320--,600500,Intercompany Revenue,"46,505.00","46,505.00",GBP,,,General journal,,,,,,,0.00,,0.00,,,,,,,,,
600500,GB06-186739,01/08/2022,GACC00000159,,,Ledger journal,Accrued Income P3 ccl,600500-GB060213---PGB0600002177--,600500,Intercompany Revenue,"6,000.00","6,000.00",GBP,,,General journal,,,,,,,0.00,,0.00,,,,,,,,,
600500,GB06-186739,01/08/2022,GACC00000159,,,Ledger journal,Accrued Income P3 ccl,600500-GB060214---PGB0600001526--,600500,Intercompany Revenue,"28,525.30","28,525.30",GBP,,,General journal,,,,,,,0.00,,0.00,,,,,,,,,
600500,GB06-186739,01/08/2022,GACC00000159,,,Ledger journal,Accrued Income P3 ccl,600500-GB060214---PGB0600002635--,600500,Intercompany Revenue,"12,500.00","12,500.00",GBP,,,General journal,,,,,,,0.00,,0.00,,,,,,,,,
600500,GB06-186739,01/08/2022,GACC00000159,,,Ledger journal,Accrued Income P3 ccl,600500-GB060220---PGB0600002305--,600500,Intercompany Revenue,"23,117.02","23,117.02",GBP,,,General journal,,,,,,,0.00,,0.00,,,,,,,,,
600500,GB06-186739,01/08/2022,GACC00000159,,,Ledger journal,Accrued Income P3 ccl,600500-GB060220---PGB0600002327--,600500,Intercompany Revenue,"6,264.50","6,264.50",GBP,,,General journal,,,,,,,0.00,,0.00,,,,,,,,,
600500,GB06-186739,01/08/2022,GACC00000159,,,Ledger journal,Accrued Income P3 ccl,600500-GB060220---PGB0600000709--,600500,Intercompany Revenue,"9,000.00","9,000.00",GBP,,,General journal,,,,,,,0.00,,0.00,,,,,,,,,
600500,GB06-186739,01/08/2022,GACC00000159,,,Ledger journal,Accrued Income P3 ccl,600500-GB060220---PGB0600002454--,600500,Intercompany Revenue,"9,946.96","9,946.96",GBP,,,General journal,,,,,,,0.00,,0.00,,,,,,,,,
600500,GB06-186739,01/08/2022,GACC00000159,,,Ledger journal,Accrued Income P3 ccl,600500-GB060220---PGB0600002623--,600500,Intercompany Revenue,"6,250.00","6,250.00",GBP,,,General journal,,,,,,,0.00,,0.00,,,,,,,,,
600500,GB06-186739,01/08/2022,GACC00000159,,,Ledger journal,Accrued Income P3 ccl,600500-GB060220---PGB0600002768--,600500,Intercompany Revenue,"5,124.20","5,124.20",GBP,,,General journal,,,,,,,0.00,,0.00,,,,,,,,,
600500,GB06-186740,01/08/2022,GACC00000160,,,Ledger journal,Accrued Income P3 barclays catch up,600500-GB060211-----,600500,Intercompany Revenue,"38,378.97","38,378.97",GBP,,,General journal,,,,,,,0.00,,0.00,,,,,,,,,
600500,GB06-186740,01/08/2022,GACC00000160,,,Ledger journal,Accrued Income P3 barclays catch up,600500-GB060213-----,600500,Intercompany Revenue,"90,605.16","90,605.16",GBP,,,General journal,,,,,,,0.00,,0.00,,,,,,,,,
600500,GB06-186740,01/08/2022,GACC00000160,,,Ledger journal,Accrued Income P3 barclays catch up,600500-GB060220-----,600500,Intercompany Revenue,"140,753.91","140,753.91",GBP,,,General journal,,,,,,,0.00,,0.00,,,,,,,,,
600500,GB06-186740,01/08/2022,GACC00000160,,,Ledger journal,Accrued Income P3 barclays monthly accrual,600500-GB060211-----,600500,Intercompany Revenue,"21,000.00","21,000.00",GBP,,,General journal,,,,,,,0.00,,0.00,,,,,,,,,
600500,GB06-186740,01/08/2022,GACC00000160,,,Ledger journal,Accrued Income P3 barclays monthly accrual,600500-GB060213-----,600500,Intercompany Revenue,"24,000.00","24,000.00",GBP,,,General journal,,,,,,,0.00,,0.00,,,,,,,,,
600500,GB06-186740,01/08/2022,GACC00000160,,,Ledger journal,Accrued Income P3 barclays monthly accrual,600500-GB060220-----,600500,Intercompany Revenue,"79,000.00","79,000.00",GBP,,,General journal,,,,,,,0.00,,0.00,,,,,,,,,
600500,GB06-186740,01/08/2022,GACC00000160,,,Ledger journal,Accrued Income P3 barclays monthly accrual,600500-GB060605-----,600500,Intercompany Revenue,"99,000.00","99,000.00",GBP,,,General journal,,,,,,,0.00,,0.00,,,,,,,,,
600500,GB06-186740,01/08/2022,GACC00000160,,,Ledger journal,Accrued Income P3 barclays monthly accrual,600500-GB060607-----,600500,Intercompany Revenue,"32,000.00","32,000.00",GBP,,,General journal,,,,,,,0.00,,0.00,,,,,,,,,
600500,GB06-186740,01/08/2022,GACC00000160,,,Ledger journal,Deferred Income P3 barclays catch up,600500-GB060603-----,600500,Intercompany Revenue,"-98,380.71","-98,380.71",GBP,,,General journal,,,,,,,0.00,,0.00,,,,,,,,,
600500,GB06-186740,01/08/2022,GACC00000160,,,Ledger journal,Deferred Income P3 barclays catch up,600500-GB060605-----,600500,Intercompany Revenue,"-136,568.58","-136,568.58",GBP,,,General journal,,,,,,,0.00,,0.00,,,,,,,,,
600000,GB06-182778,01/08/2022,GLJL00001588,,,Ledger journal,Adjustment Income Transfer FX Adjustment,600000-GB060607-GBLEE-OPS-PGB0600001192-PGB0600001192-,600000,External Revenue,"-5,393.44","-5,393.44",GBP,,,General journal,,,,,,,0.00,,0.00,,,,,,,,,
600000,GB06-182778,01/08/2022,GLJL00001588,,,Ledger journal,Adjustment Income Transfer FX Adjustment,600000-GB060607-GBLON-OPS-PGB0600002381-PGB0600002381-,600000,External Revenue,"-11,188.38","-11,188.38",GBP,,,General journal,,,,,,,0.00,,0.00,,,,,,,,,
600500,GB06-186333,01/08/2022,GLJL00001605,,,Ledger journal,CM Rebate Accrual 202303,600500-GB060213-GBGLA-OPS---,600500,Intercompany Revenue,"-1,100.00","-1,100.00",GBP,,,General journal,,,,,,,0.00,,0.00,,,,,,,,,
600500,GB06-186333,01/08/2022,GLJL00001605,,,Ledger journal,CM Rebate Accrual 202303,600500-GB060605-GBLON-OPS---,600500,Intercompany Revenue,"-17,496.36","-17,496.36",GBP,,,General journal,,,,,,,0.00,,0.00,,,,,,,,,
600500,GB06-186333,01/08/2022,GLJL00001605,,,Ledger journal,CM Rebate Accrual 202303,600500-GB060220-GBMAN-OPS---,600500,Intercompany Revenue,-999.85,-999.85,GBP,,,General journal,,,,,,,0.00,,0.00,,,,,,,,,
600000,GB06-189522,02/08/2022,PRCN00000681,PRCN00000681,02/08/2022,Project - invoiced on-account,June 22,600000-GB060220-GBMAN--PGB0600002150-PGB0600002150-GB06,600000,External Revenue,"10,000.00","10,000.00",GBP,,,Project,,C0002338,Peel Media Limited,,,,0.00,,0.00,,,,,,PGB0600002150,,,
600000,GB06-190154,10/08/2022,PRCN00000682,PRCN00000682,10/08/2022,Project - invoiced on-account,Interim Payment 1,600000-GB060606-GBLON--PGB0600002411-PGB0600002411-GB06,600000,External Revenue,"9,251.00","9,251.00",GBP,,,Project,,C0005384,Dominvs Project Company 21 Ltd,,,,0.00,,0.00,,,,,,PGB0600002411,,,
600000,GB06-190488,10/08/2022,PRCN00000683,PRCN00000683,10/08/2022,Project - invoiced on-account,Interim Payment 2,600000-GB060606-GBLON--PGB0600002411-PGB0600002411-GB06,600000,External Revenue,"9,251.00","9,251.00",GBP,,,Project,,C0005384,Dominvs Project Company 21 Ltd,,,,0.00,,0.00,,,,,,PGB0600002411,,,
600000,GB06-189786,05/08/2022,PRCN00000691,PRCN00000691,05/08/2022,Project - invoiced on-account,Credit Note for invoice 000218553,600000-GB060604-GBLEE-OPS-PGB0600000909-PGB0600000909-,600000,External Revenue,"6,975.00","6,975.00",GBP,,,Project,,C0002503,"University College London Hospitals Charity
,",,,,0.00,,0.00,,,,,,PGB0600000909,,,
600000,GB06-192243,04/08/2022,PRCN00000701,PRCN00000701,04/08/2022,Project - invoiced on-account,Cost Consultancy,600000-GB060215-GBTEE-OPS-PGB0600000882-PGB0600000882-,600000,External Revenue,"2,641.15","2,641.15",GBP,,,Project,,C0002273,Ministry of Justice,,,,0.00,,0.00,,,,,,PGB0600000882,,,
600000,GB06-186949,02/08/2022,PRIV00003845,PRIV00003845,02/08/2022,Project - invoiced on-account,Harry Payne - July 2022,600000-GB060605-GBLON-OPS-PGB0600000611-PGB0600000611-,600000,External Revenue,"-5,000.00","-5,000.00",GBP,,,Project,,C0002049,Costco Wholesale UK Ltd,,,,0.00,,0.00,,,,,,PGB0600000611,,,
600000,GB06-186950,02/08/2022,PRIV00003846,PRIV00003846,02/08/2022,Project - invoiced on-account,Phil Cooke - Jul '22,600000-GB060605-GBLON-OPS-PGB0600000624-PGB0600000624-,600000,External Revenue,"-4,500.00","-4,500.00",GBP,,,Project,,C0002835,Costco Wholesale Sweden AB,,,,0.00,,0.00,,,,,,PGB0600000624,,,
600000,GB06-186951,02/08/2022,PRIV00003847,PRIV00003847,02/08/2022,Project - invoiced on-account,Harry Payne - July 2022,600000-GB060605-GBLON-OPS-PGB0600000922-PGB0600000922-,600000,External Revenue,"-4,810.00","-4,810.00",GBP,,,Project,,C0002049,Costco Wholesale UK Ltd,,,,0.00,,0.00,,,,,,PGB0600000922,,,
600000,GB06-186952,05/08/2022,PRIV00003848,PRIV00003848,05/08/2022,Project - invoiced on-account,Cost Management,600000-GB060219-GBLEE-OPS-PGB0600001167-PGB0600001167-,600000,External Revenue,-467.80,-467.80,GBP,,,Project,,C0002033,City of York Council,,,,0.00,,0.00,,,,,,PGB0600001167,,,
600000,GB06-186953,02/08/2022,PRIV00003849,PRIV00003849,02/08/2022,Project - invoiced on-account,Harry Payne - July 2022,600000-GB060605-GBLEE-OPS-PGB0600001244-PGB0600001244-,600000,External Revenue,"-10,200.00","-10,200.00",GBP,,,Project,,C0002049,Costco Wholesale UK Ltd,,,,0.00,,0.00,,,,,,PGB0600001244,,,
600000,GB06-186954,05/08/2022,PRIV00003850,PRIV00003850,05/08/2022,Project - invoiced on-account,Cost Management,600000-GB060219-GBLEE-OPS-PGB0600001245-PGB0600001245-,600000,External Revenue,"-2,484.42","-2,484.42",GBP,,,Project,,C0002033,City of York Council,,,,0.00,,0.00,,,,,,PGB0600001245,,,
600000,GB06-186955,02/08/2022,PRIV00003851,PRIV00003851,02/08/2022,Project - invoiced on-account,Harry Payne - July 2022,600000-GB060605-GBLEE-OPS-PGB0600001256-PGB0600001256-,600000,External Revenue,"-5,578.00","-5,578.00",GBP,,,Project,,C0002052,Costco Wholesale Spain ELU,,,,0.00,,0.00,,,,,,PGB0600001256,,,
600000,GB06-186956,02/08/2022,PRIV00003852,PRIV00003852,02/08/2022,Project - invoiced on-account,Thurrock PC - July 2022 Services,600000-GB060605-GBLON-OPS-PGB0600002544-PGB0600002544-,600000,External Revenue,"-2,557.00","-2,557.00",GBP,,,Project,,C0002049,Costco Wholesale UK Ltd,,,,0.00,,0.00,,,,,,PGB0600002544,,,
600000,GB06-189520,08/08/2022,PRIV00003853,PRIV00003853,08/08/2022,Project - invoiced on-account,July 22,600000-GB060220-GBMAN-OPS-PGB0600000312-PGB0600000312-,600000,External Revenue,"-2,779.58","-2,779.58",GBP,,,Project,,C0002368,Ramboll UK Limited (VAT Exempt),,,,0.00,,0.00,,,,,,PGB0600000312,,,
600000,GB06-189521,05/08/2022,PRIV00003854,PRIV00003854,05/08/2022,Project - invoiced on-account,QS & EA,600000-GB060219-GBLEE--PGB0600001430-PGB0600001430-GB06,600000,External Revenue,"-3,180.61","-3,180.61",GBP,,,Project,,C0002243,London North Eastern Railway Limited,,,,0.00,,0.00,,,,,,PGB0600001430,,,
600000,GB06-189523,02/08/2022,PRIV00003855,PRIV00003855,02/08/2022,Project - invoiced on-account,June 22 reissue,600000-GB060220-GBMAN--PGB0600002150-PGB0600002150-GB06,600000,External Revenue,"-10,000.00","-10,000.00",GBP,,,Project,,C0002338,Peel Media Limited,,,,0.00,,0.00,,,,,,PGB0600002150,,,
600000,GB06-189524,05/08/2022,PRIV00003856,PRIV00003856,05/08/2022,Project - invoiced on-account,Cost Management,600000-GB060219-GBLEE--PGB0600002180-PGB0600002180-GB06,600000,External Revenue,"-4,670.70","-4,670.70",GBP,,,Project,,C0002033,City of York Council,,,,0.00,,0.00,,,,,,PGB0600002180,,,
600000,GB06-189597,05/08/2022,PRIV00003857,PRIV00003857,05/08/2022,Project - invoiced on-account,July 2022 works,600000-GB060604-GBLON-OPS-PGB0600000761-PGB0600000761-,600000,External Revenue,"-39,862.50","-39,862.50",GBP,,,Project,,C0002073,Department for enviroment food & Affairs,,,,0.00,,0.00,,,,,,PGB0600000761,,,
600000,GB06-189785,05/08/2022,PRIV00003858,PRIV00003858,05/08/2022,Project - invoiced on-account,EA & QS SSIS Programme,600000-GB060219-GBLEE-OPS-PGB0600000645-PGB0600000645-,600000,External Revenue,"-10,464.21","-10,464.21",GBP,,,Project,,C0002243,London North Eastern Railway Limited,,,,0.00,,0.00,,,,,,PGB0600000645,,,
600000,GB06-189787,05/08/2022,PRIV00003859,PRIV00003859,05/08/2022,Project - invoiced on-account,QS & EA Roles,600000-GB060219-GBLEE-OPS-PGB0600000973-PGB0600000973-,600000,External Revenue,"-2,000.00","-2,000.00",GBP,,,Project,,C0002243,London North Eastern Railway Limited,,,,0.00,,0.00,,,,,,PGB0600000973,,,
600000,GB06-189788,23/08/2022,PRIV00003860,PRIV00003860,23/08/2022,Project - invoiced on-account,Cost Management,600000-GB060219-GBLEE-OPS-PGB0600000984-PGB0600000984-,600000,External Revenue,"-15,545.55","-15,545.55",GBP,,,Project,,C0005449,Latimer Kirkstall Limited,,,,0.00,,0.00,,,,,,PGB0600000984,,,
600000,GB06-189789,05/08/2022,PRIV00003861,PRIV00003861,05/08/2022,Project - invoiced on-account,QS,600000-GB060219-GBLEE-OPS-PGB0600001087-PGB0600001087-,600000,External Revenue,"-2,000.00","-2,000.00",GBP,,,Project,,C0002243,London North Eastern Railway Limited,,,,0.00,,0.00,,,,,,PGB0600001087,,,
600000,GB06-189790,05/08/2022,PRIV00003862,PRIV00003862,05/08/2022,Project - invoiced on-account,Post-Contract QS & EA,600000-GB060219-GBLEE-OPS-PGB0600001186-PGB0600001186-,600000,External Revenue,"-4,000.00","-4,000.00",GBP,,,Project,,C0002243,London North Eastern Railway Limited,,,,0.00,,0.00,,,,,,PGB0600001186,,,
600000,GB06-189791,12/08/2022,PRIV00003863,PRIV00003863,12/08/2022,Project - invoiced on-account,Contract Administration,600000-GB060219-GBLEE--PGB0600001655-PGB0600001655-GB06,600000,External Revenue,"-4,470.00","-4,470.00",GBP,,,Project,,C0002229,The Leeds Teaching Hospitals Trust,,,,0.00,,0.00,,,,,,PGB0600001655,,,
600000,GB06-189792,12/08/2022,PRIV00003864,PRIV00003864,12/08/2022,Project - invoiced on-account,Cost Management,600000-GB060219-GBLEE--PGB0600001655-PGB0600001655-GB06,600000,External Revenue,"-2,950.00","-2,950.00",GBP,,,Project,,C0002229,The Leeds Teaching Hospitals Trust,,,,0.00,,0.00,,,,,,PGB0600001655,,,
600000,GB06-189793,05/08/2022,PRIV00003865,PRIV00003865,05/08/2022,Project - invoiced on-account,Post Contract,600000-GB060219-GBLEE--PGB0600001947-PGB0600001947-GB06,600000,External Revenue,"-1,168.66","-1,168.66",GBP,,,Project,,C0002243,London North Eastern Railway Limited,,,,0.00,,0.00,,,,,,PGB0600001947,,,
600000,GB06-189794,09/08/2022,PRIV00003866,PRIV00003866,09/08/2022,Project - invoiced on-account,QS,600000-GB060219-GBLEE--PGB0600002056-PGB0600002056-,600000,External Revenue,"-9,000.00","-9,000.00",GBP,,,Project,,C0002033,City of York Council,,,,0.00,,0.00,,,,,,PGB0600002056,,,
600000,GB06-189795,05/08/2022,PRIV00003867,PRIV00003867,05/08/2022,Project - invoiced on-account,QS,600000-GB060219-GBLEE--PGB0600002193-PGB0600002193-GB06,600000,External Revenue,"-2,000.00","-2,000.00",GBP,,,Project,,C0002243,London North Eastern Railway Limited,,,,0.00,,0.00,,,,,,PGB0600002193,,,
600000,GB06-189796,05/08/2022,PRIV00003868,PRIV00003868,05/08/2022,Project - invoiced on-account,QS,600000-GB060219-GBLEE--PGB0600002195-PGB0600002195-GB06,600000,External Revenue,"-8,000.00","-8,000.00",GBP,,,Project,,C0002243,London North Eastern Railway Limited,,,,0.00,,0.00,,,,,,PGB0600002195,,,
600000,GB06-189797,03/08/2022,PRIV00003869,PRIV00003869,03/08/2022,Project - invoiced on-account,James Long Fees July Reissue,600000-GB060607-GBLON-OPS-PGB0600002692--US01,600000,External Revenue,"-26,055.42","-31,680.00",USD,,,Project,,C0000091,Turner & Townsend Inc,,,,0.00,,0.00,,,,,,PGB0600002692,,,
600500,GB06-189798,05/08/2022,PRIV00003870,PRIV00003870,05/08/2022,Project - invoiced on-account,Commercial Advisor Role,600500-GB060219-GBLEE--PGB0600002770-PGB0600002770-GB03,600500,Intercompany Revenue,"-10,278.57","-12,194.44",EUR,,,Project,,C0000025,Turner & Townsend Ltd,,,,0.00,,0.00,,,,,,PGB0600002770,,,
600000,GB06-190150,10/08/2022,PRIV00003871,PRIV00003871,10/08/2022,Project - invoiced on-account,Delivery prolongation fee,600000-GB060221-GBSHE-OPS-PGB0600000150-PGB0600000150-,600000,External Revenue,"-11,912.50","-11,912.50",GBP,,,Project,,C0002487,University Of Sheffield,,,,0.00,,0.00,,,,,,PGB0600000150,,,
600000,GB06-190151,10/08/2022,PRIV00003872,PRIV00003872,10/08/2022,Project - invoiced on-account,Additional Fee,600000-GB060221-GBSHE-OPS-PGB0600000506-PGB0600000506-,600000,External Revenue,"-8,270.00","-8,270.00",GBP,,,Project,,C0002395,The Symphony Group Plc,,,,0.00,,0.00,,,,,,PGB0600000506,,,
600000,GB06-190152,10/08/2022,PRIV00003873,PRIV00003873,10/08/2022,Project - invoiced on-account,Delivery,600000-GB060221-GBSHE-OPS-PGB0600000528-PGB0600000528-,600000,External Revenue,"-2,400.00","-2,400.00",GBP,,,Project,,C0002487,University Of Sheffield,,,,0.00,,0.00,,,,,,PGB0600000528,,,
600000,GB06-190153,09/08/2022,PRIV00003874,PRIV00003874,09/08/2022,Project - invoiced on-account,Replacement invoice,600000-GB060604-GBLEE-OPS-PGB0600000909-PGB0600000909-,600000,External Revenue,"-6,975.00","-6,975.00",GBP,,,Project,,C0005712,Middlesex Annexe LLP,,,,0.00,,0.00,,,,,,PGB0600000909,,,
600000,GB06-190489,10/08/2022,PRIV00003875,PRIV00003875,10/08/2022,Project - invoiced on-account,Jul-22,600000-GB060221-GBSHE--PGB0600002679-PGB0600002679-,600000,External Revenue,"-4,500.00","-4,500.00",GBP,,,Project,,C0002172,Harridge Developments Limited,,,,0.00,,0.00,,,,,,PGB0600002679,,,
600000,GB06-192241,12/08/2022,PRIV00003876,PRIV00003876,12/08/2022,Project - invoiced on-account,August 22,600000-GB060220-GBMAN-OPS-PGB0600000121-PGB0600000121-,600000,External Revenue,"-2,500.00","-2,500.00",GBP,,,Project,,C0002260,Muse Developments Limited,,,,0.00,,0.00,,,,,,PGB0600000121,,,
600000,GB06-192242,11/08/2022,PRIV00003877,PRIV00003877,11/08/2022,Project - invoiced on-account,July reissue,600000-GB060220-GBMAN-OPS-PGB0600000312-PGB0600000312-,600000,External Revenue,"-2,779.58","-2,779.58",GBP,,,Project,,C0002368,Ramboll UK Limited (VAT Exempt),,,,0.00,,0.00,,,,,,PGB0600000312,,,
600000,GB06-192244,12/08/2022,PRIV00003878,PRIV00003878,12/08/2022,Project - invoiced on-account,QS,600000-GB060219-GBLEE--PGB0600002057-PGB0600002057-,600000,External Revenue,"-5,000.00","-5,000.00",GBP,,,Project,,C0002033,City of York Council,,,,0.00,,0.00,,,,,,PGB0600002057,,,
600000,GB06-192245,12/08/2022,PRIV00003879,PRIV00003879,12/08/2022,Project - invoiced on-account,QS,600000-GB060219-GBLEE--PGB0600002149-PGB0600002149-GB06,600000,External Revenue,"-2,000.00","-2,000.00",GBP,,,Project,,C0002033,City of York Council,,,,0.00,,0.00,,,,,,PGB0600002149,,,
600000,GB06-192246,15/08/2022,PRIV00003880,PRIV00003880,15/08/2022,Project - invoiced on-account,Consultancy,600000-GB060218-GBNOT--PGB0600002235-PGB0600002235-,600000,External Revenue,-750.00,-750.00,GBP,,,Project,,C0005239,Chordis Capital Limited,,,,0.00,,0.00,,,,,,PGB0600002235,,,
600000,GB06-192247,10/08/2022,PRIV00003881,PRIV00003881,10/08/2022,Project - invoiced on-account,CM Services,600000-GB060606-GBLON-OPS-PGB0600002711-PGB0600002711-,600000,External Revenue,"-9,000.00","-9,000.00",GBP,,,Project,,C0005660,Groveworld Stroud Green Road Limited,,,,0.00,,0.00,,,,,,PGB0600002711,,,
600000,GB06-192248,12/08/2022,PRIV00003882,PRIV00003882,12/08/2022,Project - invoiced on-account,Shell & Core,600000-GB060220-GBMAN-OPS-PGB0600000365-PGB0600000365-,600000,External Revenue,"-30,016.00","-30,016.00",GBP,,,Project,,C0000972,AstraZeneca UK Limited,,,,0.00,,0.00,,,,,,PGB0600000365,,,
